Receiver Name,Email Id,Mobile Number,Address,Notes
Irv Rewcassell,irewcassell0@bravesites.com,345-689-3188,4 Elka Park,Buteo galapagoensis
Fulton Wharton,fwharton1@bigcartel.com,814-163-0704,0 Hoepker Avenue,Geospiza sp.
Ceciley Plampin,cplampin2@tmall.com,397-933-9275,01864 Mariners Cove Street,Anas punctata
Wayland Gillott,wgillott3@columbia.edu,235-611-9420,40090 Melody Street,Eolophus roseicapillus
Cobb Daldry,cdaldry4@altervista.org,971-951-6707,86103 Jana Pass,Cyrtodactylus louisiadensis
Aidan Raiker,araiker5@msu.edu,999-431-3500,2 Victoria Road,Uraeginthus angolensis
Horst Chrystie,hchrystie6@wikimedia.org,528-745-9573,93458 Summer Ridge Circle,Alligator mississippiensis
Justino Tomlett,jtomlett7@yolasite.com,166-196-6035,4539 Corscot Point,Eudromia elegans
Tadeo Dewing,tdewing8@marketwatch.com,123-148-4728,0336 Roth Center,Zosterops pallidus
Marchelle Wheowall,mwheowall9@tinyurl.com,321-369-0476,185 Carioca Court,Ovis dalli stonei
Cordelie Noore,cnoorea@meetup.com,324-997-4456,048 Chive Center,Salvadora hexalepis
Irvine Beckinsale,ibeckinsaleb@intel.com,179-594-1036,3981 Oakridge Drive,Manouria emys
Alysa Shanks,ashanksc@mapy.cz,521-243-8468,12 Twin Pines Hill,Coendou prehensilis
Karen Morriarty,kmorriartyd@over-blog.com,988-658-3514,15675 Lakewood Gardens Terrace,Manouria emys
Joan Luigi,jluigie@independent.co.uk,793-410-6567,00 Northview Center,Canis lupus
Tallou Willmott,twillmottf@redcross.org,324-477-0806,49985 Sachs Circle,unavailable
Johny Ramsdale,jramsdaleg@shop-pro.jp,259-233-3944,3 Grover Trail,Coluber constrictor
Conchita Hayer,chayerh@shutterfly.com,129-489-6301,2865 Beilfuss Way,Sciurus vulgaris
Shayne Redhole,sredholei@va.gov,109-601-2866,85074 Mallard Lane,Larus novaehollandiae
Nonna Moffat,nmoffatj@google.com.br,851-437-8879,603 Riverside Crossing,Lemur catta
Ryley Monard,rmonardk@craigslist.org,388-245-2293,54106 Anthes Place,Eolophus roseicapillus
Lianna Rosie,lrosiel@weebly.com,623-664-7725,4 Carberry Crossing,Bradypus tridactylus
Murray Shimwell,mshimwellm@mtv.com,519-993-6200,66003 Basil Circle,Myrmecobius fasciatus
Morrie Lydall,mlydalln@last.fm,868-711-7435,57358 Veith Street,Vanessa indica
Cesya Franckton,cfrancktono@amazonaws.com,293-223-4828,42 Memorial Place,Chamaelo sp.
Elwood Esland,eeslandp@engadget.com,644-392-9372,1372 Bluestem Place,Diomedea irrorata
Pattie Winfrey,pwinfreyq@t.co,176-645-7712,29120 Cottonwood Road,Ammospermophilus nelsoni
Ddene Ondra,dondrar@360.cn,325-150-0775,88 Dexter Point,Felis concolor
Othilie Carslake,ocarslakes@google.it,699-126-4368,9 Sommers Circle,Didelphis virginiana
Marys Castelyn,mcastelynt@google.it,192-372-7303,681 Merry Circle,Nasua nasua
Merrile Hempel,mhempelu@php.net,355-426-7092,185 Londonderry Hill,Alectura lathami
Marmaduke Hurt,mhurtv@discuz.net,439-596-4083,15 Fisk Junction,Tapirus terrestris
Hughie Matthieson,hmatthiesonw@dagondesign.com,965-766-1398,26 Westridge Court,Anathana ellioti
Nanny Plumptre,nplumptrex@tiny.cc,452-789-1583,17 Norway Maple Circle,Ctenophorus ornatus
Katie Southworth,ksouthworthy@imageshack.us,291-788-2223,49621 Vernon Avenue,Boa constrictor mexicana
Ted Montilla,tmontillaz@goo.ne.jp,405-128-3318,72364 Southridge Road,Hystrix cristata
Adiana Yesinov,ayesinov10@biglobe.ne.jp,115-711-9367,568 Walton Alley,Bettongia penicillata
Jessie Boyack,jboyack11@tamu.edu,201-685-5502,18 Miller Junction,Ursus americanus
Jerrilee Ellin,jellin12@drupal.org,141-745-5563,16 Manley Road,Colaptes campestroides
Jenda Phipps,jphipps13@google.co.uk,812-574-0065,38472 Bayside Place,Terathopius ecaudatus
Heall Tarbett,htarbett14@amazon.com,449-475-1510,84 Crownhardt Lane,Colobus guerza
Guenevere O'Dee,godee15@ocn.ne.jp,589-949-9135,69976 Marquette Junction,Tamiasciurus hudsonicus
Isahella Spacie,ispacie16@chronoengine.com,491-474-0429,63 Texas Parkway,Milvago chimachima
Winifield Hartas,whartas17@nasa.gov,267-490-0599,7 Dixon Place,Felis concolor
Valaria Kington,vkington18@1688.com,695-932-0463,541 Caliangt Junction,Uraeginthus angolensis
Hersh Pollendine,hpollendine19@livejournal.com,465-714-2021,5 Onsgard Court,Meles meles
Isaak Coulling,icoulling1a@deliciousdays.com,950-404-7376,58673 Sugar Pass,Cordylus giganteus
Barde Loomis,bloomis1b@nps.gov,761-598-5029,9 Loftsgordon Road,Pitangus sulphuratus
Kinna Dumbrell,kdumbrell1c@jimdo.com,535-383-3459,3183 Canary Hill,Cracticus nigroagularis
Letti Sonnenschein,lsonnenschein1d@columbia.edu,790-375-5438,2 Stoughton Park,Lamprotornis nitens
Webb Werendell,wwerendell1e@ihg.com,358-745-3608,25098 Jenifer Lane,Pycnonotus nigricans
Mannie Trevaskis,mtrevaskis1f@virginia.edu,937-285-4366,61 Golf Course Place,Sterna paradisaea
Reba Howlings,rhowlings1g@github.io,997-478-7235,27733 Village Green Crossing,Connochaetus taurinus
Gina Spaice,gspaice1h@163.com,758-905-8529,668 Graedel Crossing,Hystrix cristata
Amy Kisby,akisby1i@liveinternet.ru,464-391-0687,83700 7th Circle,Canis lupus
Charin Dagg,cdagg1j@elpais.com,377-346-8337,0 Upham Way,Ctenophorus ornatus
Timi Ezzell,tezzell1k@spotify.com,983-788-8991,0839 Columbus Park,Thamnolaea cinnmomeiventris
Antone Reinmar,areinmar1l@hibu.com,113-345-0201,8185 Knutson Center,Cacatua galerita
Hazel Muzzini,hmuzzini1m@gnu.org,987-142-6666,29293 Marcy Hill,Eudyptula minor
Burnaby Le Noury,ble1n@furl.net,838-519-3576,39 South Drive,Phalaropus lobatus
Robers Offner,roffner1o@geocities.jp,694-802-2374,25 Acker Alley,Eudyptula minor
Cherice Kemmis,ckemmis1p@bing.com,827-824-2407,03 Lien Point,Castor fiber
Joanie Aksell,jaksell1q@opera.com,205-165-1057,544 Glendale Parkway,Petaurus breviceps
Damara Custance,dcustance1r@cnn.com,761-119-0116,5 Merry Park,Ammospermophilus nelsoni
Korella Greed,kgreed1s@cbslocal.com,773-311-9861,3 Mosinee Place,Cervus canadensis
Davide Duffitt,dduffitt1t@unc.edu,733-479-2256,946 Myrtle Point,Felis yagouaroundi
Rab Rodden,rrodden1u@wordpress.com,341-527-7906,847 Scott Road,Dendrocygna viduata
Tiertza Overstreet,toverstreet1v@ed.gov,798-572-4624,96467 Monument Lane,Estrilda erythronotos
Tamarah Palek,tpalek1w@theatlantic.com,904-418-6651,34886 Sachs Plaza,Tachybaptus ruficollis
Merilee Norwich,mnorwich1x@shinystat.com,505-351-5202,60134 Cordelia Alley,Eutamias minimus
Alvira Praill,apraill1y@com.com,345-916-7318,94 Shelley Hill,Sagittarius serpentarius
Sara-ann Marjanovic,smarjanovic1z@last.fm,962-596-0863,678 Arrowood Junction,Panthera leo persica
Fredia Scotson,fscotson20@feedburner.com,753-604-4124,9 Dawn Junction,Lamprotornis superbus
Georgianne Lacasa,glacasa21@icio.us,296-260-3953,9 Truax Center,Graspus graspus
Lane Alcalde,lalcalde22@g.co,438-939-8707,44741 Roxbury Plaza,Lycosa godeffroyi
Ralina Polet,rpolet23@cloudflare.com,536-402-3242,9542 Talmadge Lane,Phaethon aethereus
Earl Malpas,emalpas24@cisco.com,602-683-6952,22616 Parkside Park,Francolinus coqui
Gweneth Di Dello,gdi25@samsung.com,549-291-6809,27 Grasskamp Trail,Naja haje
Tessie Mixture,tmixture26@wisc.edu,919-488-9314,61525 Cordelia Way,Felis wiedi or Leopardus weidi
Christi Windybank,cwindybank27@intel.com,964-641-2398,2 Garrison Circle,Connochaetus taurinus
Miner Graffin,mgraffin28@dropbox.com,896-777-3079,9164 Westport Hill,Spheniscus mendiculus
Lora Bamlett,lbamlett29@naver.com,436-612-7135,41 Petterle Pass,Larus fuliginosus
Vachel Uttley,vuttley2a@cloudflare.com,110-266-1376,24 Namekagon Way,Buteo regalis
Devina Calvard,dcalvard2b@plala.or.jp,407-327-1048,987 Blue Bill Park Plaza,Macropus robustus
Val Wrought,vwrought2c@mlb.com,259-744-2342,91181 Troy Junction,Psophia viridis
Annabel Kruschev,akruschev2d@sfgate.com,366-982-8236,41 Mendota Avenue,Phacochoerus aethiopus
Kerrin Grindlay,kgrindlay2e@furl.net,872-178-4883,19 Delaware Hill,Nesomimus trifasciatus
Lana Coverdill,lcoverdill2f@weebly.com,396-198-4144,8 Packers Street,Laniarius ferrugineus
Celinda Bateup,cbateup2g@joomla.org,193-978-2990,95793 Nova Park,Bos frontalis
Joellen Dunsire,jdunsire2h@yolasite.com,432-792-5889,878 Steensland Court,Phascogale tapoatafa
Sutherlan Hayto,shayto2i@homestead.com,992-291-1709,17 Welch Alley,Ara chloroptera
Killy Whicher,kwhicher2j@jigsy.com,713-714-2687,52883 Sutherland Trail,Pan troglodytes
Mathe Achromov,machromov2k@narod.ru,862-823-9831,4412 Muir Parkway,Mycteria leucocephala
Ema Osmon,eosmon2l@altervista.org,391-688-4720,92 Comanche Road,Plocepasser mahali
Guinna Pitfield,gpitfield2m@nbcnews.com,376-465-7752,086 Lake View Trail,Pandon haliaetus
Avis Clemson,aclemson2n@epa.gov,599-331-8035,101 Towne Park,Chionis alba
Robin Fedorchenko,rfedorchenko2o@boston.com,307-653-4430,9721 Westerfield Lane,Martes pennanti
Shanna Farnell,sfarnell2p@springer.com,955-560-1816,300 Jay Place,Vulpes chama
Nissy Genge,ngenge2q@free.fr,770-428-9460,02779 Mcbride Junction,Streptopelia senegalensis
Emlyn Broodes,ebroodes2r@army.mil,307-616-8043,18457 Basil Pass,Tamandua tetradactyla
